-- MySQL dump 10.13  Distrib 8.0.13, for macos10.14 (x86_64)
--
-- Host: 127.0.0.1    Database: poker
-- ------------------------------------------------------
-- Server version	8.0.28

/*!40101 SET @OLD_CHARACTER_SET_CLIENT=@@CHARACTER_SET_CLIENT */;
/*!40101 SET @OLD_CHARACTER_SET_RESULTS=@@CHARACTER_SET_RESULTS */;
/*!40101 SET @OLD_COLLATION_CONNECTION=@@COLLATION_CONNECTION */;
 SET NAMES utf8 ;
/*!40103 SET @OLD_TIME_ZONE=@@TIME_ZONE */;
/*!40103 SET TIME_ZONE='+00:00' */;
/*!40014 SET @OLD_UNIQUE_CHECKS=@@UNIQUE_CHECKS, UNIQUE_CHECKS=0 */;
/*!40014 SET @OLD_FOREIGN_KEY_CHECKS=@@FOREIGN_KEY_CHECKS, FOREIGN_KEY_CHECKS=0 */;
/*!40101 SET @OLD_SQL_MODE=@@SQL_MODE, SQL_MODE='NO_AUTO_VALUE_ON_ZERO' */;
/*!40111 SET @OLD_SQL_NOTES=@@SQL_NOTES, SQL_NOTES=0 */;

--
-- Table structure for table `command_record`
--

DROP TABLE IF EXISTS `command_record`;
/*!40101 SET @saved_cs_client     = @@character_set_client */;
 SET character_set_client = utf8mb4 ;
CREATE TABLE `command_record` (
  `id` int NOT NULL AUTO_INCREMENT,
  `userId` int DEFAULT NULL,
  `gameId` int DEFAULT NULL,
  `type` text,
  `gameStatus` int DEFAULT NULL,
  `counter` int DEFAULT NULL,
  `command` text,
  `commonCard` text,
  `pot` int DEFAULT NULL,
  `roomNumber` int DEFAULT NULL,
  `create_time` timestamp NOT NULL DEFAULT CURRENT_TIMESTAMP,
  `update_time` datetime DEFAULT NULL,
  PRIMARY KEY (`id`)
) ENGINE=InnoDB AUTO_INCREMENT=26431 DEFAULT CHARSET=latin1;
/*!40101 SET character_set_client = @saved_cs_client */;

--
-- Dumping data for table `command_record`
--

LOCK TABLES `command_record` WRITE;
/*!40000 ALTER TABLE `command_record` DISABLE KEYS */;
INSERT INTO `command_record` VALUES (26259,45,2546,'sb',0,1999,'sb:1','',1,774092,'2022-01-30 07:05:56',NULL),(26260,46,2546,'d',0,1558,'bb:2','',3,774092,'2022-01-30 07:05:56',NULL),(26261,45,2546,'sb',0,41,'raise:1959','',1961,774092,'2022-01-30 07:06:19',NULL),(26262,46,2546,'d',0,0,'allin','',3519,774092,'2022-01-30 07:06:33',NULL),(26263,46,2547,'sb',0,3119,'sb:1','',1,774092,'2022-01-30 07:06:38',NULL),(26264,45,2547,'d',0,438,'bb:2','',3,774092,'2022-01-30 07:06:38',NULL),(26265,46,2547,'sb',0,3118,'call','',4,774092,'2022-01-30 07:06:55',NULL),(26266,45,2547,'d',0,438,'check','',4,774092,'2022-01-30 07:06:58',NULL),(26267,46,2547,'sb',2,3118,'check','f2,e4,c4',4,774092,'2022-01-30 07:07:04',NULL),(26268,45,2547,'d',2,438,'check','f2,e4,c4',4,774092,'2022-01-30 07:07:12',NULL),(26269,46,2547,'sb',3,3118,'check','f2,e4,c4,i1',4,774092,'2022-01-30 07:07:28',NULL),(26270,45,2547,'d',3,438,'check','f2,e4,c4,i1',4,774092,'2022-01-30 07:07:31',NULL),(26271,46,2547,'sb',4,3118,'check','f2,e4,c4,i1,j4',4,774092,'2022-01-30 07:07:42',NULL),(26272,45,2547,'d',4,438,'check','f2,e4,c4,i1,j4',4,774092,'2022-01-30 07:07:56',NULL),(26273,45,2548,'sb',0,441,'sb:1','',1,774092,'2022-01-30 07:08:01',NULL),(26274,46,2548,'d',0,3116,'bb:2','',3,774092,'2022-01-30 07:08:01',NULL),(26275,45,2549,'sb',0,440,'sb:1','',1,774092,'2022-01-30 07:11:42',NULL),(26276,46,2549,'d',0,3117,'bb:2','',3,774092,'2022-01-30 07:11:42',NULL),(26277,45,2549,'sb',0,439,'call','',4,774092,'2022-01-30 07:11:49',NULL),(26278,46,2549,'d',0,3117,'check','',4,774092,'2022-01-30 07:11:54',NULL),(26279,45,2549,'sb',2,439,'check','g3,j4,h3',4,774092,'2022-01-30 07:12:04',NULL),(26280,46,2549,'d',2,3117,'check','g3,j4,h3',4,774092,'2022-01-30 07:12:30',NULL),(26281,45,2550,'sb',0,438,'sb:1','',1,774092,'2022-01-30 07:15:27',NULL),(26282,46,2550,'d',0,3119,'bb:2','',3,774092,'2022-01-30 07:15:27',NULL),(26283,45,2550,'sb',0,437,'call','',4,774092,'2022-01-30 07:15:38',NULL),(26284,48,2551,'sb',0,1999,'sb:1','',1,748982,'2022-01-31 17:08:17',NULL),(26285,49,2551,'d',0,1998,'bb:2','',3,748982,'2022-01-31 17:08:17',NULL),(26286,48,2551,'sb',0,1998,'call','',4,748982,'2022-01-31 17:08:29',NULL),(26287,49,2551,'d',0,1998,'check','',4,748982,'2022-01-31 17:08:34',NULL),(26288,48,2551,'sb',2,1998,'check','m4,e3,h3',4,748982,'2022-01-31 17:08:47',NULL),(26289,49,2551,'d',2,1998,'check','m4,e3,h3',4,748982,'2022-01-31 17:08:52',NULL),(26290,48,2551,'sb',3,1219,'raise:779','m4,e3,h3,k3',783,748982,'2022-01-31 17:09:07',NULL),(26291,49,2551,'d',3,1219,'call','m4,e3,h3,k3',1562,748982,'2022-01-31 17:09:14',NULL),(26292,48,2551,'sb',4,1219,'check','m4,e3,h3,k3,f4',1562,748982,'2022-01-31 17:09:28',NULL),(26293,49,2551,'d',4,1219,'check','m4,e3,h3,k3,f4',1562,748982,'2022-01-31 17:09:43',NULL),(26294,49,2552,'sb',0,1218,'sb:1','',1,748982,'2022-01-31 17:09:48',NULL),(26295,48,2552,'d',0,2779,'bb:2','',3,748982,'2022-01-31 17:09:48',NULL),(26296,49,2552,'sb',0,1217,'call','',4,748982,'2022-01-31 17:10:03',NULL),(26297,48,2552,'d',0,2779,'check','',4,748982,'2022-01-31 17:10:13',NULL),(26298,49,2552,'sb',2,1217,'check','b4,c1,f1',4,748982,'2022-01-31 17:10:19',NULL),(26299,48,2552,'d',2,2779,'check','b4,c1,f1',4,748982,'2022-01-31 17:10:23',NULL),(26300,49,2552,'sb',3,1217,'check','b4,c1,f1,a4',4,748982,'2022-01-31 17:10:28',NULL),(26301,48,2552,'d',3,2779,'check','b4,c1,f1,a4',4,748982,'2022-01-31 17:10:31',NULL),(26302,49,2552,'sb',4,1217,'check','b4,c1,f1,a4,a2',4,748982,'2022-01-31 17:10:43',NULL),(26303,48,2552,'d',4,2779,'check','b4,c1,f1,a4,a2',4,748982,'2022-01-31 17:10:48',NULL),(26304,48,2553,'sb',0,2778,'sb:1','',1,748982,'2022-01-31 17:10:53',NULL),(26305,49,2553,'d',0,1219,'bb:2','',3,748982,'2022-01-31 17:10:53',NULL),(26306,48,2553,'sb',0,2777,'call','',4,748982,'2022-01-31 17:10:57',NULL),(26307,49,2553,'d',0,1219,'check','',4,748982,'2022-01-31 17:11:10',NULL),(26308,48,2553,'sb',2,2777,'check','l1,l4,k4',4,748982,'2022-01-31 17:11:29',NULL),(26309,49,2553,'d',2,1219,'check','l1,l4,k4',4,748982,'2022-01-31 17:11:42',NULL),(26310,48,2554,'sb',0,1999,'sb:1','',1,936335,'2022-02-01 11:48:53',NULL),(26311,50,2554,'d',0,1998,'bb:2','',3,936335,'2022-02-01 11:48:53',NULL),(26312,48,2554,'sb',0,1998,'call','',4,936335,'2022-02-01 11:49:06',NULL),(26313,50,2554,'d',0,1998,'check','',4,936335,'2022-02-01 11:49:18',NULL),(26314,48,2554,'sb',2,1998,'check','i1,d4,c2',4,936335,'2022-02-01 11:49:40',NULL),(26315,50,2554,'d',2,0,'allin','i1,d4,c2',2002,936335,'2022-02-01 11:49:54',NULL),(26316,48,2554,'sb',2,0,'allin','i1,d4,c2',4000,936335,'2022-02-01 11:49:57',NULL),(26317,48,2555,'sb',0,1999,'sb:1','',1,936335,'2022-02-01 12:09:51',NULL),(26318,50,2555,'d',0,3997,'bb:2','',3,936335,'2022-02-01 12:09:51',NULL),(26319,48,2555,'sb',0,1998,'call','',4,936335,'2022-02-01 12:10:01',NULL),(26320,50,2555,'d',0,3997,'check','',4,936335,'2022-02-01 12:10:10',NULL),(26321,48,2555,'sb',2,1998,'check','d2,j3,e2',4,936335,'2022-02-01 12:10:23',NULL),(26322,50,2555,'d',2,3997,'check','d2,j3,e2',4,936335,'2022-02-01 12:10:41',NULL),(26323,48,2555,'sb',3,1998,'check','d2,j3,e2,m1',4,936335,'2022-02-01 12:10:59',NULL),(26324,50,2555,'d',3,3997,'check','d2,j3,e2,m1',4,936335,'2022-02-01 12:11:22',NULL),(26325,48,2555,'sb',4,1998,'check','d2,j3,e2,m1,b4',4,936335,'2022-02-01 12:11:28',NULL),(26326,50,2555,'d',4,3997,'check','d2,j3,e2,m1,b4',4,936335,'2022-02-01 12:11:43',NULL),(26327,50,2556,'sb',0,4000,'sb:1','',1,936335,'2022-02-01 12:11:49',NULL),(26328,48,2556,'d',0,1996,'bb:2','',3,936335,'2022-02-01 12:11:49',NULL),(26329,50,2556,'sb',0,3999,'call','',4,936335,'2022-02-01 12:12:00',NULL),(26330,48,2557,'sb',0,1995,'sb:1','',1,936335,'2022-02-01 12:15:37',NULL),(26331,50,2557,'d',0,4001,'bb:2','',3,936335,'2022-02-01 12:15:37',NULL),(26332,50,2558,'sb',0,4003,'sb:1','',1,936335,'2022-02-01 12:25:59',NULL),(26333,48,2558,'d',0,1993,'bb:2','',3,936335,'2022-02-01 12:25:59',NULL),(26334,48,2559,'sb',0,1999,'sb:1','',1,936335,'2022-02-01 12:30:08',NULL),(26335,50,2559,'d',0,1998,'bb:2','',3,936335,'2022-02-01 12:30:08',NULL),(26336,50,2560,'sb',0,2000,'sb:1','',1,936335,'2022-02-01 12:30:33',NULL),(26337,48,2560,'d',0,1997,'bb:2','',3,936335,'2022-02-01 12:30:33',NULL),(26338,48,2561,'sb',0,1999,'sb:1','',1,936335,'2022-02-01 12:31:40',NULL),(26339,50,2561,'d',0,1998,'bb:2','',3,936335,'2022-02-01 12:31:40',NULL),(26340,50,2562,'sb',0,2000,'sb:1','',1,936335,'2022-02-01 12:35:46',NULL),(26341,48,2562,'d',0,1997,'bb:2','',3,936335,'2022-02-01 12:35:46',NULL),(26342,48,2563,'sb',0,1999,'sb:1','',1,936335,'2022-02-01 12:37:00',NULL),(26343,50,2563,'d',0,1998,'bb:2','',3,936335,'2022-02-01 12:37:00',NULL),(26344,48,2563,'sb',0,1998,'call','',4,936335,'2022-02-01 12:37:51',NULL),(26345,48,2564,'sb',0,2001,'sb:1','',1,936335,'2022-02-01 12:44:10',NULL),(26346,50,2564,'d',0,1996,'bb:2','',3,936335,'2022-02-01 12:44:10',NULL),(26347,50,2565,'sb',0,1998,'sb:1','',1,936335,'2022-02-01 12:46:05',NULL),(26348,48,2565,'d',0,1999,'bb:2','',3,936335,'2022-02-01 12:46:05',NULL),(26349,48,2566,'sb',0,2001,'sb:1','',1,936335,'2022-02-01 12:47:10',NULL),(26350,50,2566,'d',0,1996,'bb:2','',3,936335,'2022-02-01 12:47:10',NULL),(26351,50,2567,'sb',0,1998,'sb:1','',1,936335,'2022-02-01 12:48:40',NULL),(26352,48,2567,'d',0,1999,'bb:2','',3,936335,'2022-02-01 12:48:40',NULL),(26353,50,2567,'sb',0,1997,'call','',4,936335,'2022-02-01 12:49:07',NULL),(26354,48,2567,'d',0,1999,'check','',4,936335,'2022-02-01 12:49:14',NULL),(26355,50,2567,'sb',2,1997,'check','c2,j4,h1',4,936335,'2022-02-01 12:49:28',NULL),(26356,48,2567,'d',2,1999,'check','c2,j4,h1',4,936335,'2022-02-01 12:49:31',NULL),(26357,50,2567,'sb',3,1997,'check','c2,j4,h1,g1',4,936335,'2022-02-01 12:49:35',NULL),(26358,48,2567,'d',3,1999,'check','c2,j4,h1,g1',4,936335,'2022-02-01 12:49:38',NULL),(26359,50,2567,'sb',4,1997,'check','c2,j4,h1,g1,l1',4,936335,'2022-02-01 12:49:41',NULL),(26360,48,2567,'d',4,1999,'check','c2,j4,h1,g1,l1',4,936335,'2022-02-01 12:49:44',NULL),(26361,48,2568,'sb',0,2002,'sb:1','',1,936335,'2022-02-01 12:49:49',NULL),(26362,50,2568,'d',0,1995,'bb:2','',3,936335,'2022-02-01 12:49:49',NULL),(26363,48,2568,'sb',0,2001,'call','',4,936335,'2022-02-01 12:49:57',NULL),(26364,50,2568,'d',0,1995,'check','',4,936335,'2022-02-01 12:50:02',NULL),(26365,50,2569,'sb',0,1998,'sb:1','',1,936335,'2022-02-01 12:56:00',NULL),(26366,48,2569,'d',0,1999,'bb:2','',3,936335,'2022-02-01 12:56:00',NULL),(26367,50,2569,'sb',0,1997,'call','',4,936335,'2022-02-01 12:56:08',NULL),(26368,48,2569,'d',0,1999,'check','',4,936335,'2022-02-01 12:56:11',NULL),(26369,50,2569,'sb',2,1997,'check','i4,c2,b3',4,936335,'2022-02-01 12:56:25',NULL),(26370,48,2569,'d',2,1999,'check','i4,c2,b3',4,936335,'2022-02-01 12:56:30',NULL),(26371,50,2569,'sb',3,1997,'check','i4,c2,b3,a1',4,936335,'2022-02-01 12:56:34',NULL),(26372,48,2569,'d',3,1999,'check','i4,c2,b3,a1',4,936335,'2022-02-01 12:56:37',NULL),(26373,50,2569,'sb',4,1997,'check','i4,c2,b3,a1,c1',4,936335,'2022-02-01 12:56:41',NULL),(26374,48,2569,'d',4,1999,'check','i4,c2,b3,a1,c1',4,936335,'2022-02-01 12:56:44',NULL),(26375,48,2570,'sb',0,2002,'sb:1','',1,936335,'2022-02-01 12:56:49',NULL),(26376,50,2570,'d',0,1995,'bb:2','',3,936335,'2022-02-01 12:56:49',NULL),(26377,50,2571,'sb',0,1997,'sb:1','',1,936335,'2022-02-01 12:59:57',NULL),(26378,48,2571,'d',0,2000,'bb:2','',3,936335,'2022-02-01 12:59:57',NULL),(26379,50,2571,'sb',0,1996,'call','',4,936335,'2022-02-01 13:00:13',NULL),(26380,48,2571,'d',0,2000,'check','',4,936335,'2022-02-01 13:00:19',NULL),(26381,50,2571,'sb',2,1996,'check','l1,m2,g4',4,936335,'2022-02-01 13:00:23',NULL),(26382,48,2571,'d',2,2000,'fold','l1,m2,g4',4,936335,'2022-02-01 13:00:33',NULL),(26383,48,2572,'sb',0,1999,'sb:1','',1,936335,'2022-02-01 13:00:39',NULL),(26384,50,2572,'d',0,1998,'bb:2','',3,936335,'2022-02-01 13:00:39',NULL),(26385,48,2572,'sb',0,1998,'call','',4,936335,'2022-02-01 13:01:32',NULL),(26386,50,2572,'d',0,1998,'check','',4,936335,'2022-02-01 13:02:03',NULL),(26387,48,2572,'sb',2,1998,'check','g3,h3,m3',4,936335,'2022-02-01 13:02:07',NULL),(26388,50,2572,'d',2,1998,'check','g3,h3,m3',4,936335,'2022-02-01 13:02:11',NULL),(26389,48,2572,'sb',3,1998,'check','g3,h3,m3,m2',4,936335,'2022-02-01 13:02:14',NULL),(26390,50,2572,'d',3,1998,'check','g3,h3,m3,m2',4,936335,'2022-02-01 13:02:16',NULL),(26391,48,2572,'sb',4,1998,'check','g3,h3,m3,m2,c3',4,936335,'2022-02-01 13:02:20',NULL),(26392,50,2572,'d',4,1998,'check','g3,h3,m3,m2,c3',4,936335,'2022-02-01 13:02:24',NULL),(26393,50,2573,'sb',0,1997,'sb:1','',1,936335,'2022-02-01 13:02:29',NULL),(26394,48,2573,'d',0,2000,'bb:2','',3,936335,'2022-02-01 13:02:29',NULL),(26395,50,2573,'sb',0,1997,'fold','',3,936335,'2022-02-01 13:02:48',NULL),(26396,50,2574,'sb',0,1996,'sb:1','',1,936335,'2022-02-01 13:03:01',NULL),(26397,48,2574,'d',0,2001,'bb:2','',3,936335,'2022-02-01 13:03:01',NULL),(26398,50,2574,'sb',0,1995,'call','',4,936335,'2022-02-01 13:03:14',NULL),(26399,48,2574,'d',0,2001,'check','',4,936335,'2022-02-01 13:03:21',NULL),(26400,50,2574,'sb',2,1995,'check','g3,h1,g1',4,936335,'2022-02-01 13:03:30',NULL),(26401,48,2574,'d',2,2001,'check','g3,h1,g1',4,936335,'2022-02-01 13:03:33',NULL),(26402,50,2574,'sb',3,1995,'fold','g3,h1,g1,k1',4,936335,'2022-02-01 13:04:33',NULL),(26403,48,2575,'sb',0,2004,'sb:1','',1,936335,'2022-02-01 13:04:38',NULL),(26404,50,2575,'d',0,1993,'bb:2','',3,936335,'2022-02-01 13:04:38',NULL),(26405,50,2576,'sb',0,1995,'sb:1','',1,936335,'2022-02-01 13:08:52',NULL),(26406,48,2576,'d',0,2002,'bb:2','',3,936335,'2022-02-01 13:08:52',NULL),(26407,50,2576,'sb',0,1994,'call','',4,936335,'2022-02-01 13:09:05',NULL),(26408,48,2576,'d',0,2002,'check','',4,936335,'2022-02-01 13:09:17',NULL),(26409,50,2576,'sb',2,1994,'fold','m4,j2,k3',4,936335,'2022-02-01 13:10:16',NULL),(26410,48,2577,'sb',0,2005,'sb:1','',1,936335,'2022-02-01 13:10:21',NULL),(26411,50,2577,'d',0,1992,'bb:2','',3,936335,'2022-02-01 13:10:21',NULL),(26412,48,2577,'sb',0,2004,'call','',4,936335,'2022-02-01 13:10:28',NULL),(26413,50,2577,'d',0,1992,'check','',4,936335,'2022-02-01 13:10:36',NULL),(26414,48,2577,'sb',2,2004,'check','k4,i3,h4',4,936335,'2022-02-01 13:10:41',NULL),(26415,50,2577,'d',2,1992,'check','k4,i3,h4',4,936335,'2022-02-01 13:10:45',NULL),(26416,48,2577,'sb',3,2004,'check','k4,i3,h4,m3',4,936335,'2022-02-01 13:10:50',NULL),(26417,50,2577,'d',3,1992,'check','k4,i3,h4,m3',4,936335,'2022-02-01 13:10:57',NULL),(26418,48,2577,'sb',4,2004,'check','k4,i3,h4,m3,a3',4,936335,'2022-02-01 13:11:01',NULL),(26419,50,2577,'d',4,1992,'check','k4,i3,h4,m3,a3',4,936335,'2022-02-01 13:11:05',NULL),(26420,50,2578,'sb',0,1995,'sb:1','',1,936335,'2022-02-01 13:11:11',NULL),(26421,48,2578,'d',0,2002,'bb:2','',3,936335,'2022-02-01 13:11:11',NULL),(26422,50,2578,'sb',0,1995,'fold','',3,936335,'2022-02-01 13:11:26',NULL),(26423,48,2579,'sb',0,2004,'sb:1','',1,936335,'2022-02-01 13:11:53',NULL),(26424,50,2579,'d',0,1993,'bb:2','',3,936335,'2022-02-01 13:11:53',NULL),(26425,48,2579,'sb',0,2003,'call','',4,936335,'2022-02-01 13:11:55',NULL),(26426,50,2579,'d',0,1993,'check','',4,936335,'2022-02-01 13:11:58',NULL),(26427,48,2579,'sb',2,2003,'check','d3,f3,g2',4,936335,'2022-02-01 13:12:02',NULL),(26428,50,2579,'d',2,1993,'check','d3,f3,g2',4,936335,'2022-02-01 13:12:07',NULL),(26429,48,2579,'sb',3,2003,'check','d3,f3,g2,c2',4,936335,'2022-02-01 13:12:13',NULL),(26430,50,2579,'d',3,1993,'check','d3,f3,g2,c2',4,936335,'2022-02-01 13:12:17',NULL);
/*!40000 ALTER TABLE `command_record` ENABLE KEYS */;
UNLOCK TABLES;

--
-- Table structure for table `game`
--

DROP TABLE IF EXISTS `game`;
/*!40101 SET @saved_cs_client     = @@character_set_client */;
 SET character_set_client = utf8mb4 ;
CREATE TABLE `game` (
  `id` int NOT NULL AUTO_INCREMENT,
  `roomNumber` int DEFAULT NULL,
  `status` int DEFAULT NULL,
  `commonCard` text,
  `winners` text CHARACTER SET utf8 COLLATE utf8_general_ci,
  `pot` decimal(8,0) DEFAULT NULL,
  `create_time` timestamp NOT NULL DEFAULT CURRENT_TIMESTAMP,
  `update_time` datetime DEFAULT NULL,
  PRIMARY KEY (`id`)
) ENGINE=InnoDB AUTO_INCREMENT=2580 DEFAULT CHARSET=latin1;
/*!40101 SET character_set_client = @saved_cs_client */;

--
-- Dumping data for table `game`
--

LOCK TABLES `game` WRITE;
/*!40000 ALTER TABLE `game` DISABLE KEYS */;
INSERT INTO `game` VALUES (2546,774092,1,'d4,m1,b1,f2,j2','[[{\"handCard\":[\"d1\",\"e2\"],\"position\":0,\"counter\":3120,\"userId\":46,\"playerId\":7441,\"delayCount\":3,\"socketId\":\"/socket#tVSlrdRGJX0XKuM-AAAB\",\"nickName\":\"aaa1\",\"actionSize\":0,\"actionCommand\":\"\",\"type\":\"\",\"evPot\":3120,\"inPot\":1560,\"income\":3120,\"pokerStyle\":\"00000000dmjf0\"}],[{\"handCard\":[\"l1\",\"k3\"],\"position\":1,\"counter\":440,\"userId\":45,\"playerId\":7440,\"delayCount\":3,\"socketId\":\"/socket#v-G_QiGQAufUz6bbAAAA\",\"nickName\":\"aaa\",\"actionSize\":0,\"actionCommand\":\"\",\"type\":\"\",\"evPot\":null,\"inPot\":1959,\"income\":399,\"pokerStyle\":\"000000000mlkjf\"}]]',3519,'2022-01-30 07:05:56','2022-01-30 15:06:33'),(2547,774092,1,'f2,e4,c4,i1,j4','[[{\"handCard\":[\"g3\",\"h3\"],\"position\":0,\"counter\":442,\"userId\":45,\"playerId\":7442,\"delayCount\":3,\"socketId\":\"/socket#v-G_QiGQAufUz6bbAAAA\",\"nickName\":\"aaa\",\"actionSize\":0,\"actionCommand\":\"\",\"type\":\"\",\"evPot\":null,\"inPot\":2,\"income\":4,\"pokerStyle\":\"00000fghij0000\"}]]',4,'2022-01-30 07:06:38','2022-01-30 15:07:56'),(2548,774092,2,'','[[{\"handCard\":[\"g4\",\"j3\"],\"position\":0,\"counter\":3119,\"userId\":46,\"playerId\":7445,\"delayCount\":3,\"socketId\":\"/socket#tVSlrdRGJX0XKuM-AAAB\",\"nickName\":\"aaa1\",\"actionSize\":0,\"actionCommand\":\"\",\"type\":\"\",\"evPot\":null,\"inPot\":2,\"income\":3,\"pokerStyle\":\"\"}]]',3,'2022-01-30 07:08:01','2022-01-30 15:08:32'),(2549,774092,2,'g3,j4,h3,i1','[[{\"handCard\":[\"h2\",\"f4\"],\"position\":0,\"counter\":3121,\"userId\":46,\"playerId\":7447,\"delayCount\":3,\"socketId\":\"/socket#tVSlrdRGJX0XKuM-AAAB\",\"nickName\":\"aaa1\",\"actionSize\":0,\"actionCommand\":\"\",\"type\":\"\",\"evPot\":null,\"inPot\":2,\"income\":4,\"pokerStyle\":\"\"}]]',4,'2022-01-30 07:11:42','2022-01-30 15:13:00'),(2550,774092,2,'','[[{\"handCard\":[\"f4\",\"d2\"],\"position\":1,\"counter\":441,\"userId\":45,\"playerId\":7448,\"delayCount\":3,\"socketId\":\"/socket#8W465XnUr4urJh0rAAAE\",\"nickName\":\"aaa\",\"actionSize\":0,\"actionCommand\":\"\",\"type\":\"\",\"evPot\":null,\"inPot\":2,\"income\":4,\"pokerStyle\":\"\"}]]',4,'2022-01-30 07:15:27','2022-01-30 15:16:08'),(2551,748982,1,'m4,e3,h3,k3,f4','[[{\"handCard\":[\"b3\",\"k1\"],\"position\":1,\"counter\":2781,\"userId\":48,\"playerId\":7450,\"delayCount\":3,\"nickName\":\"aaaa\",\"actionSize\":0,\"actionCommand\":\"\",\"type\":\"\",\"evPot\":null,\"inPot\":781,\"income\":1562,\"pokerStyle\":\"00000000kmhf0\"}]]',1562,'2022-01-31 17:08:17','2022-02-01 01:09:43'),(2552,748982,1,'b4,c1,f1,a4,a2','[[{\"handCard\":[\"d1\",\"k1\"],\"position\":1,\"counter\":1221,\"userId\":49,\"playerId\":7453,\"delayCount\":3,\"socketId\":\"/socket#go_aN3xrb7NjoCSSAAAM\",\"nickName\":\"11\",\"actionSize\":0,\"actionCommand\":\"\",\"type\":\"\",\"evPot\":null,\"inPot\":2,\"income\":4,\"pokerStyle\":\"00000000akfd0\"}]]',4,'2022-01-31 17:09:48','2022-02-01 01:10:48'),(2553,748982,2,'l1,l4,k4,k2','[[{\"handCard\":[\"a4\",\"h2\"],\"position\":0,\"counter\":1223,\"userId\":49,\"playerId\":7455,\"delayCount\":3,\"socketId\":\"/socket#go_aN3xrb7NjoCSSAAAM\",\"nickName\":\"11\",\"actionSize\":0,\"actionCommand\":\"\",\"type\":\"\",\"evPot\":null,\"inPot\":2,\"income\":4,\"pokerStyle\":\"\"}]]',4,'2022-01-31 17:10:53','2022-02-01 01:12:12'),(2554,936335,1,'i1,d4,c2,d1,d3','[[{\"handCard\":[\"b1\",\"i3\"],\"position\":0,\"counter\":3999,\"userId\":50,\"playerId\":7457,\"delayCount\":3,\"socketId\":\"/socket#MVfHapED8FAMv__1AAAC\",\"nickName\":\"111\",\"actionSize\":0,\"actionCommand\":\"\",\"type\":\"\",\"evPot\":3999,\"inPot\":2000,\"income\":3999,\"pokerStyle\":\"000di000000\"}]]',4000,'2022-02-01 11:48:53','2022-02-01 19:49:58'),(2555,936335,1,'d2,j3,e2,m1,b4','[[{\"handCard\":[\"m4\",\"c3\"],\"position\":0,\"counter\":4001,\"userId\":50,\"playerId\":7459,\"delayCount\":3,\"nickName\":\"111\",\"actionSize\":0,\"actionCommand\":\"\",\"type\":\"\",\"evPot\":null,\"inPot\":2,\"income\":4,\"pokerStyle\":\"00000000mjed0\"}]]',4,'2022-02-01 12:09:51','2022-02-01 20:11:44'),(2556,936335,2,'','[[{\"handCard\":[\"e1\",\"m4\"],\"position\":1,\"counter\":4003,\"userId\":50,\"playerId\":7461,\"delayCount\":3,\"nickName\":\"111\",\"actionSize\":0,\"actionCommand\":\"\",\"type\":\"\",\"evPot\":null,\"inPot\":2,\"income\":4,\"pokerStyle\":\"\"}]]',4,'2022-02-01 12:11:49','2022-02-01 20:12:30'),(2557,936335,2,'','[[{\"handCard\":[\"f3\",\"d4\"],\"position\":0,\"counter\":4004,\"userId\":50,\"playerId\":7463,\"delayCount\":3,\"socketId\":\"/socket#68AZ5IDJuXX7jFPkAAAG\",\"nickName\":\"111\",\"actionSize\":0,\"actionCommand\":\"\",\"type\":\"\",\"evPot\":null,\"inPot\":2,\"income\":3,\"pokerStyle\":\"\"}]]',3,'2022-02-01 12:15:37','2022-02-01 20:16:07'),(2558,936335,2,'','[[{\"handCard\":[\"k3\",\"l3\"],\"position\":0,\"counter\":1996,\"userId\":48,\"playerId\":7464,\"delayCount\":3,\"nickName\":\"aaaa\",\"actionSize\":0,\"actionCommand\":\"\",\"type\":\"\",\"evPot\":null,\"inPot\":2,\"income\":3,\"pokerStyle\":\"\"}]]',3,'2022-02-01 12:25:59','2022-02-01 20:26:29'),(2559,936335,2,'','[[{\"handCard\":[\"m3\",\"l3\"],\"position\":0,\"counter\":2001,\"userId\":50,\"playerId\":7466,\"delayCount\":3,\"socketId\":\"/socket#DmFXEvw--lipy7BiAAAA\",\"nickName\":\"111\",\"actionSize\":0,\"actionCommand\":\"\",\"type\":\"\",\"evPot\":null,\"inPot\":2,\"income\":3,\"pokerStyle\":\"\"}]]',3,'2022-02-01 12:30:08','2022-02-01 20:30:08'),(2560,936335,2,'','[[{\"handCard\":[\"j1\",\"c2\"],\"position\":0,\"counter\":2000,\"userId\":48,\"playerId\":7469,\"delayCount\":3,\"nickName\":\"aaaa\",\"actionSize\":0,\"actionCommand\":\"\",\"type\":\"\",\"evPot\":null,\"inPot\":2,\"income\":3,\"pokerStyle\":\"\"}]]',3,'2022-02-01 12:30:33','2022-02-01 20:30:33'),(2561,936335,2,'','[[{\"handCard\":[\"i2\",\"c4\"],\"position\":0,\"counter\":2001,\"userId\":50,\"playerId\":7471,\"delayCount\":3,\"socketId\":\"/socket#6nsA0tEVYPAZMzh8AAAB\",\"nickName\":\"111\",\"actionSize\":0,\"actionCommand\":\"\",\"type\":\"\",\"evPot\":null,\"inPot\":2,\"income\":3,\"pokerStyle\":\"\"}]]',3,'2022-02-01 12:31:40','2022-02-01 20:32:41'),(2562,936335,2,'','[[{\"handCard\":[\"h3\",\"i1\"],\"position\":0,\"counter\":2000,\"userId\":48,\"playerId\":7472,\"delayCount\":3,\"socketId\":\"/socket#xuEfScqnFUnMofMUAAAA\",\"nickName\":\"aaaa\",\"actionSize\":0,\"actionCommand\":\"\",\"type\":\"\",\"evPot\":null,\"inPot\":2,\"income\":3,\"pokerStyle\":\"\"}]]',3,'2022-02-01 12:35:46','2022-02-01 20:36:47'),(2563,936335,2,'','[[{\"handCard\":[\"e2\",\"c3\"],\"position\":1,\"counter\":2002,\"userId\":48,\"playerId\":7474,\"delayCount\":3,\"socketId\":\"/socket#xuEfScqnFUnMofMUAAAA\",\"nickName\":\"aaaa\",\"actionSize\":0,\"actionCommand\":\"\",\"type\":\"\",\"evPot\":null,\"inPot\":2,\"income\":4,\"pokerStyle\":\"\"}]]',4,'2022-02-01 12:37:00','2022-02-01 20:38:51'),(2564,936335,2,'','[[{\"handCard\":[\"h4\",\"l2\"],\"position\":0,\"counter\":1999,\"userId\":50,\"playerId\":7477,\"delayCount\":3,\"nickName\":\"111\",\"actionSize\":0,\"actionCommand\":\"\",\"type\":\"\",\"evPot\":null,\"inPot\":2,\"income\":3,\"pokerStyle\":\"\"}]]',3,'2022-02-01 12:44:10','2022-02-01 20:45:10'),(2565,936335,2,'','[[{\"handCard\":[\"g2\",\"e4\"],\"position\":0,\"counter\":2002,\"userId\":48,\"playerId\":7478,\"delayCount\":3,\"nickName\":\"aaaa\",\"actionSize\":0,\"actionCommand\":\"\",\"type\":\"\",\"evPot\":null,\"inPot\":2,\"income\":3,\"pokerStyle\":\"\"}]]',3,'2022-02-01 12:46:05','2022-02-01 20:47:05'),(2566,936335,2,'','[[{\"handCard\":[\"g4\",\"b2\"],\"position\":0,\"counter\":1999,\"userId\":50,\"playerId\":7481,\"delayCount\":3,\"nickName\":\"111\",\"actionSize\":0,\"actionCommand\":\"\",\"type\":\"\",\"evPot\":null,\"inPot\":2,\"income\":3,\"pokerStyle\":\"\"}]]',3,'2022-02-01 12:47:10','2022-02-01 20:48:10'),(2567,936335,1,'c2,j4,h1,g1,l1','[[{\"handCard\":[\"f3\",\"k4\"],\"position\":0,\"counter\":2003,\"userId\":48,\"playerId\":7482,\"delayCount\":3,\"socketId\":\"/socket#7BNQ1BEf8cPHSHBEAAAG\",\"nickName\":\"aaaa\",\"actionSize\":0,\"actionCommand\":\"\",\"type\":\"\",\"evPot\":null,\"inPot\":2,\"income\":4,\"pokerStyle\":\"000000000lkjhg\"}]]',4,'2022-02-01 12:48:40','2022-02-01 20:49:44'),(2568,936335,2,'j4,l4,h4','[[{\"handCard\":[\"g1\",\"i4\"],\"position\":0,\"counter\":1999,\"userId\":50,\"playerId\":7485,\"delayCount\":3,\"socketId\":\"/socket#6U7r6641Kh0xeY3HAAAH\",\"nickName\":\"111\",\"actionSize\":0,\"actionCommand\":\"\",\"type\":\"\",\"evPot\":null,\"inPot\":2,\"income\":4,\"pokerStyle\":\"\"}]]',4,'2022-02-01 12:49:49','2022-02-01 20:51:02'),(2569,936335,1,'i4,c2,b3,a1,c1','[[{\"handCard\":[\"l3\",\"l4\"],\"position\":0,\"counter\":2003,\"userId\":48,\"playerId\":7486,\"delayCount\":3,\"nickName\":\"aaaa\",\"actionSize\":0,\"actionCommand\":\"\",\"type\":\"\",\"evPot\":null,\"inPot\":2,\"income\":4,\"pokerStyle\":\"0000000lci00\"}]]',4,'2022-02-01 12:56:00','2022-02-01 20:56:44'),(2570,936335,2,'','[[{\"handCard\":[\"l1\",\"m3\"],\"position\":0,\"counter\":1998,\"userId\":50,\"playerId\":7489,\"delayCount\":3,\"nickName\":\"111\",\"actionSize\":0,\"actionCommand\":\"\",\"type\":\"\",\"evPot\":null,\"inPot\":2,\"income\":3,\"pokerStyle\":\"\"}]]',3,'2022-02-01 12:56:49','2022-02-01 20:57:50'),(2571,936335,2,'l1,m2,g4','[[{\"handCard\":[\"k2\",\"d4\"],\"position\":1,\"counter\":2000,\"userId\":50,\"playerId\":7491,\"delayCount\":3,\"nickName\":\"111\",\"actionSize\":0,\"actionCommand\":\"\",\"type\":\"\",\"evPot\":null,\"inPot\":2,\"income\":4,\"pokerStyle\":\"\"}]]',4,'2022-02-01 12:59:57','2022-02-01 21:00:34'),(2572,936335,1,'g3,h3,m3,m2,c3','[[{\"handCard\":[\"d4\",\"k3\"],\"position\":1,\"counter\":2002,\"userId\":48,\"playerId\":7492,\"delayCount\":3,\"nickName\":\"aaaa\",\"actionSize\":0,\"actionCommand\":\"\",\"type\":\"\",\"evPot\":null,\"inPot\":2,\"income\":4,\"pokerStyle\":\"0000mkhgc00000\"}]]',4,'2022-02-01 13:00:39','2022-02-01 21:02:24'),(2573,936335,2,'','[[{\"handCard\":[\"k2\",\"l3\"],\"position\":0,\"counter\":2003,\"userId\":48,\"playerId\":7494,\"delayCount\":3,\"nickName\":\"aaaa\",\"actionSize\":0,\"actionCommand\":\"\",\"type\":\"\",\"evPot\":null,\"inPot\":2,\"income\":3,\"pokerStyle\":\"\"}]]',3,'2022-02-01 13:02:29','2022-02-01 21:02:48'),(2574,936335,2,'g3,h1,g1,k1','[[{\"handCard\":[\"l2\",\"l1\"],\"position\":0,\"counter\":2005,\"userId\":48,\"playerId\":7496,\"delayCount\":3,\"socketId\":\"/socket#VbEQmHe7H3UJdDcrAAAL\",\"nickName\":\"aaaa\",\"actionSize\":0,\"actionCommand\":\"\",\"type\":\"\",\"evPot\":null,\"inPot\":2,\"income\":4,\"pokerStyle\":\"\"}]]',4,'2022-02-01 13:03:01','2022-02-01 21:04:33'),(2575,936335,2,'','[[{\"handCard\":[\"f3\",\"j3\"],\"position\":0,\"counter\":1996,\"userId\":50,\"playerId\":7499,\"delayCount\":3,\"socketId\":\"/socket#0HQB3EtsqiotDzpaAAAK\",\"nickName\":\"111\",\"actionSize\":0,\"actionCommand\":\"\",\"type\":\"\",\"evPot\":null,\"inPot\":2,\"income\":3,\"pokerStyle\":\"\"}]]',3,'2022-02-01 13:04:38','2022-02-01 21:05:39'),(2576,936335,2,'m4,j2,k3','[[{\"handCard\":[\"g2\",\"l1\"],\"position\":0,\"counter\":2006,\"userId\":48,\"playerId\":7500,\"delayCount\":3,\"socketId\":\"/socket#VbEQmHe7H3UJdDcrAAAL\",\"nickName\":\"aaaa\",\"actionSize\":0,\"actionCommand\":\"\",\"type\":\"\",\"evPot\":null,\"inPot\":2,\"income\":4,\"pokerStyle\":\"\"}]]',4,'2022-02-01 13:08:52','2022-02-01 21:10:16'),(2577,936335,1,'k4,i3,h4,m3,a3','[[{\"handCard\":[\"i4\",\"j1\"],\"position\":0,\"counter\":1996,\"userId\":50,\"playerId\":7503,\"delayCount\":3,\"socketId\":\"/socket#0HQB3EtsqiotDzpaAAAK\",\"nickName\":\"111\",\"actionSize\":0,\"actionCommand\":\"\",\"type\":\"\",\"evPot\":null,\"inPot\":2,\"income\":4,\"pokerStyle\":\"00000000imkj0\"}]]',4,'2022-02-01 13:10:21','2022-02-01 21:11:06'),(2578,936335,2,'','[[{\"handCard\":[\"j4\",\"i4\"],\"position\":0,\"counter\":2005,\"userId\":48,\"playerId\":7504,\"delayCount\":3,\"socketId\":\"/socket#VbEQmHe7H3UJdDcrAAAL\",\"nickName\":\"aaaa\",\"actionSize\":0,\"actionCommand\":\"\",\"type\":\"\",\"evPot\":null,\"inPot\":2,\"income\":3,\"pokerStyle\":\"\"}]]',3,'2022-02-01 13:11:11','2022-02-01 21:11:26'),(2579,936335,2,'d3,f3,g2,c2,i2','[[{\"handCard\":[\"b1\",\"i3\"],\"position\":0,\"counter\":1997,\"userId\":50,\"playerId\":7507,\"delayCount\":3,\"socketId\":\"/socket#0HQB3EtsqiotDzpaAAAK\",\"nickName\":\"111\",\"actionSize\":0,\"actionCommand\":\"\",\"type\":\"\",\"evPot\":null,\"inPot\":2,\"income\":4,\"pokerStyle\":\"\"}]]',4,'2022-02-01 13:11:53','2022-02-01 21:13:17');
/*!40000 ALTER TABLE `game` ENABLE KEYS */;
UNLOCK TABLES;

--
-- Table structure for table `player`
--

DROP TABLE IF EXISTS `player`;
/*!40101 SET @saved_cs_client     = @@character_set_client */;
 SET character_set_client = utf8mb4 ;
CREATE TABLE `player` (
  `id` int NOT NULL AUTO_INCREMENT,
  `gameId` int DEFAULT NULL,
  `roomNumber` int DEFAULT NULL,
  `buyIn` int NOT NULL,
  `handCard` varchar(25) DEFAULT NULL,
  `counter` int DEFAULT NULL,
  `userId` int DEFAULT NULL,
  `create_time` timestamp NOT NULL DEFAULT CURRENT_TIMESTAMP,
  `update_time` datetime DEFAULT NULL,
  PRIMARY KEY (`id`)
) ENGINE=InnoDB AUTO_INCREMENT=7508 DEFAULT CHARSET=latin1;
/*!40101 SET character_set_client = @saved_cs_client */;

--
-- Dumping data for table `player`
--

LOCK TABLES `player` WRITE;
/*!40000 ALTER TABLE `player` DISABLE KEYS */;
INSERT INTO `player` VALUES (7440,2546,774092,2000,'l1,k3',440,45,'2022-01-30 07:05:56','2022-01-30 15:06:33'),(7441,2546,774092,1560,'d1,e2',3120,46,'2022-01-30 07:05:56','2022-01-30 15:06:33'),(7442,2547,774092,2000,'g3,h3',442,45,'2022-01-30 07:06:38','2022-01-30 15:07:56'),(7443,2547,774092,1560,'a2,a4',3118,46,'2022-01-30 07:06:38','2022-01-30 15:07:56'),(7444,2548,774092,2000,'j1,f3',441,45,'2022-01-30 07:08:01','2022-01-30 15:08:32'),(7445,2548,774092,1560,'g4,j3',3119,46,'2022-01-30 07:08:01','2022-01-30 15:08:32'),(7446,2549,774092,4000,'f2,d4',439,45,'2022-01-30 07:11:42','2022-01-30 15:13:00'),(7447,2549,774092,3560,'h2,f4',3121,46,'2022-01-30 07:11:42','2022-01-30 15:13:00'),(7448,2550,774092,4000,'f4,d2',441,45,'2022-01-30 07:15:27','2022-01-30 15:16:08'),(7449,2550,774092,3560,'l4,k4',3119,46,'2022-01-30 07:15:27','2022-01-30 15:16:08'),(7450,2551,748982,2000,'b3,k1',2781,48,'2022-01-31 17:08:17','2022-02-01 01:09:43'),(7451,2551,748982,2000,'b4,d1',1219,49,'2022-01-31 17:08:17','2022-02-01 01:09:43'),(7452,2552,748982,2000,'g3,e1',2779,48,'2022-01-31 17:09:48','2022-02-01 01:10:48'),(7453,2552,748982,2000,'d1,k1',1221,49,'2022-01-31 17:09:48','2022-02-01 01:10:48'),(7454,2553,748982,2000,'f3,h1',2777,48,'2022-01-31 17:10:53','2022-02-01 01:12:12'),(7455,2553,748982,2000,'a4,h2',1223,49,'2022-01-31 17:10:53','2022-02-01 01:12:12'),(7456,2554,936335,2000,'l2,e3',0,48,'2022-02-01 11:48:53','2022-02-01 19:49:58'),(7457,2554,936335,2000,'b1,i3',3999,50,'2022-02-01 11:48:53','2022-02-01 19:49:58'),(7458,2555,936335,4000,'f3,e4',1998,48,'2022-02-01 12:09:51','2022-02-01 20:11:44'),(7459,2555,936335,2000,'m4,c3',4001,50,'2022-02-01 12:09:51','2022-02-01 20:11:44'),(7460,2556,936335,4000,'i1,l2',1996,48,'2022-02-01 12:11:49','2022-02-01 20:12:30'),(7461,2556,936335,2000,'e1,m4',4003,50,'2022-02-01 12:11:49','2022-02-01 20:12:30'),(7462,2557,936335,4000,'i1,k1',1995,48,'2022-02-01 12:15:37','2022-02-01 20:16:07'),(7463,2557,936335,2000,'f3,d4',4004,50,'2022-02-01 12:15:37','2022-02-01 20:16:07'),(7464,2558,936335,4000,'k3,l3',1996,48,'2022-02-01 12:25:59','2022-02-01 20:26:29'),(7465,2558,936335,2000,'a1,a4',4003,50,'2022-02-01 12:25:59','2022-02-01 20:26:29'),(7466,2559,936335,2000,'m3,l3',2001,50,'2022-02-01 12:30:08','2022-02-01 20:30:08'),(7467,2559,936335,2000,'b1,e4',1999,48,'2022-02-01 12:30:08','2022-02-01 20:30:08'),(7468,2560,936335,2000,'f3,f4',2000,50,'2022-02-01 12:30:33','2022-02-01 20:30:33'),(7469,2560,936335,2000,'j1,c2',2000,48,'2022-02-01 12:30:33','2022-02-01 20:30:33'),(7470,2561,936335,2000,'g4,d4',1999,48,'2022-02-01 12:31:40','2022-02-01 20:32:41'),(7471,2561,936335,2000,'i2,c4',2001,50,'2022-02-01 12:31:40','2022-02-01 20:32:41'),(7472,2562,936335,2000,'h3,i1',2000,48,'2022-02-01 12:35:46','2022-02-01 20:36:47'),(7473,2562,936335,2000,'d3,b2',2000,50,'2022-02-01 12:35:46','2022-02-01 20:36:47'),(7474,2563,936335,2000,'e2,c3',2002,48,'2022-02-01 12:37:00','2022-02-01 20:38:51'),(7475,2563,936335,2000,'k1,j1',1998,50,'2022-02-01 12:37:00','2022-02-01 20:38:51'),(7476,2564,936335,2000,'m2,f1',2001,48,'2022-02-01 12:44:10','2022-02-01 20:45:10'),(7477,2564,936335,2000,'h4,l2',1999,50,'2022-02-01 12:44:10','2022-02-01 20:45:10'),(7478,2565,936335,2000,'g2,e4',2002,48,'2022-02-01 12:46:05','2022-02-01 20:47:05'),(7479,2565,936335,2000,'c3,e2',1998,50,'2022-02-01 12:46:05','2022-02-01 20:47:05'),(7480,2566,936335,2000,'k3,k1',2001,48,'2022-02-01 12:47:10','2022-02-01 20:48:10'),(7481,2566,936335,2000,'g4,b2',1999,50,'2022-02-01 12:47:10','2022-02-01 20:48:10'),(7482,2567,936335,2000,'f3,k4',2003,48,'2022-02-01 12:48:40','2022-02-01 20:49:44'),(7483,2567,936335,2000,'b4,i3',1997,50,'2022-02-01 12:48:40','2022-02-01 20:49:44'),(7484,2568,936335,2000,'g2,c3',2001,48,'2022-02-01 12:49:49','2022-02-01 20:51:02'),(7485,2568,936335,2000,'g1,i4',1999,50,'2022-02-01 12:49:49','2022-02-01 20:51:02'),(7486,2569,936335,2000,'l3,l4',2003,48,'2022-02-01 12:56:00','2022-02-01 20:56:44'),(7487,2569,936335,2000,'i1,h4',1997,50,'2022-02-01 12:56:00','2022-02-01 20:56:44'),(7488,2570,936335,2000,'m4,f4',2002,48,'2022-02-01 12:56:49','2022-02-01 20:57:50'),(7489,2570,936335,2000,'l1,m3',1998,50,'2022-02-01 12:56:49','2022-02-01 20:57:50'),(7490,2571,936335,2000,'i3,h4',2000,48,'2022-02-01 12:59:57','2022-02-01 21:00:34'),(7491,2571,936335,2000,'k2,d4',2000,50,'2022-02-01 12:59:57','2022-02-01 21:00:34'),(7492,2572,936335,2000,'d4,k3',2002,48,'2022-02-01 13:00:39','2022-02-01 21:02:24'),(7493,2572,936335,2000,'m1,b3',1998,50,'2022-02-01 13:00:39','2022-02-01 21:02:24'),(7494,2573,936335,2000,'k2,l3',2003,48,'2022-02-01 13:02:29','2022-02-01 21:02:48'),(7495,2573,936335,2000,'a1,k4',1997,50,'2022-02-01 13:02:29','2022-02-01 21:02:48'),(7496,2574,936335,2000,'l2,l1',2005,48,'2022-02-01 13:03:01','2022-02-01 21:04:33'),(7497,2574,936335,2000,'e4,b3',1995,50,'2022-02-01 13:03:01','2022-02-01 21:04:33'),(7498,2575,936335,2000,'k4,l4',2004,48,'2022-02-01 13:04:38','2022-02-01 21:05:39'),(7499,2575,936335,2000,'f3,j3',1996,50,'2022-02-01 13:04:38','2022-02-01 21:05:39'),(7500,2576,936335,2000,'g2,l1',2006,48,'2022-02-01 13:08:52','2022-02-01 21:10:16'),(7501,2576,936335,2000,'h3,m1',1994,50,'2022-02-01 13:08:52','2022-02-01 21:10:16'),(7502,2577,936335,2000,'h3,e2',2004,48,'2022-02-01 13:10:21','2022-02-01 21:11:06'),(7503,2577,936335,2000,'i4,j1',1996,50,'2022-02-01 13:10:21','2022-02-01 21:11:06'),(7504,2578,936335,2000,'j4,i4',2005,48,'2022-02-01 13:11:11','2022-02-01 21:11:26'),(7505,2578,936335,2000,'e3,l4',1995,50,'2022-02-01 13:11:11','2022-02-01 21:11:26'),(7506,2579,936335,2000,'k3,k2',2003,48,'2022-02-01 13:11:53','2022-02-01 21:13:17'),(7507,2579,936335,2000,'b1,i3',1997,50,'2022-02-01 13:11:53','2022-02-01 21:13:17');
/*!40000 ALTER TABLE `player` ENABLE KEYS */;
UNLOCK TABLES;

--
-- Table structure for table `room`
--

DROP TABLE IF EXISTS `room`;
/*!40101 SET @saved_cs_client     = @@character_set_client */;
 SET character_set_client = utf8mb4 ;
CREATE TABLE `room` (
  `id` int NOT NULL AUTO_INCREMENT,
  `smallBlind` int DEFAULT NULL,
  `isShort` int DEFAULT NULL,
  `time` int DEFAULT NULL,
  `roomNumber` text CHARACTER SET latin1 COLLATE latin1_swedish_ci,
  `create_time` timestamp NOT NULL DEFAULT CURRENT_TIMESTAMP,
  `update_time` datetime DEFAULT NULL,
  PRIMARY KEY (`id`)
) ENGINE=InnoDB AUTO_INCREMENT=372 DEFAULT CHARSET=utf8mb3;
/*!40101 SET character_set_client = @saved_cs_client */;

--
-- Dumping data for table `room`
--

LOCK TABLES `room` WRITE;
/*!40000 ALTER TABLE `room` DISABLE KEYS */;
INSERT INTO `room` VALUES (351,1,0,360000,'774092','2022-01-30 07:03:52',NULL),(352,1,0,360000,'255391','2022-01-30 16:24:23',NULL),(353,1,0,360000,'721399','2022-01-30 16:34:08',NULL),(354,1,0,360000,'748982','2022-01-31 12:45:39',NULL),(355,1,0,360000,'158818','2022-01-31 17:17:13',NULL),(356,1,0,360000,'183814','2022-01-31 17:18:51',NULL),(357,1,0,360000,'935849','2022-01-31 17:21:28',NULL),(358,1,0,360000,'438776','2022-01-31 17:29:36',NULL),(359,1,0,360000,'753804','2022-01-31 17:30:42',NULL),(360,1,0,360000,'945387','2022-02-01 07:41:33',NULL),(361,1,0,360000,'374156','2022-02-01 08:38:05',NULL),(362,1,0,360000,'438606','2022-02-01 08:43:46',NULL),(363,1,0,360000,'552380','2022-02-01 08:55:29',NULL),(364,1,0,360000,'738244','2022-02-01 09:25:18',NULL),(365,1,0,360000,'339001','2022-02-01 09:51:09',NULL),(366,1,0,360000,'552820','2022-02-01 10:19:37',NULL),(367,1,0,360000,'567526','2022-02-01 10:24:30',NULL),(368,1,0,360000,'345285','2022-02-01 11:41:21',NULL),(369,1,0,360000,'936335','2022-02-01 11:42:50',NULL),(370,1,0,360000,'461656','2022-02-01 15:33:43',NULL),(371,1,0,360000,'978220','2022-02-01 17:04:04',NULL);
/*!40000 ALTER TABLE `room` ENABLE KEYS */;
UNLOCK TABLES;

--
-- Table structure for table `user`
--

DROP TABLE IF EXISTS `user`;
/*!40101 SET @saved_cs_client     = @@character_set_client */;
 SET character_set_client = utf8mb4 ;
CREATE TABLE `user` (
  `id` int NOT NULL AUTO_INCREMENT,
  `nickName` char(25) CHARACTER SET utf8 COLLATE utf8_general_ci DEFAULT NULL,
  `password` varchar(128) DEFAULT NULL,
  `account` char(25) CHARACTER SET utf8 COLLATE utf8_general_ci DEFAULT NULL,
  `create_time` timestamp NOT NULL DEFAULT CURRENT_TIMESTAMP,
  `update_time` datetime DEFAULT NULL,
  PRIMARY KEY (`id`)
) ENGINE=InnoDB AUTO_INCREMENT=51 DEFAULT CHARSET=latin1;
/*!40101 SET character_set_client = @saved_cs_client */;

--
-- Dumping data for table `user`
--

LOCK TABLES `user` WRITE;
/*!40000 ALTER TABLE `user` DISABLE KEYS */;
INSERT INTO `user` VALUES (48,'aaaa','0b4e7a0e5fe84ad35fb5f95b9ceeac79','aaa@aaa.com','2022-01-31 12:21:54',NULL),(49,'11','6512bd43d9caa6e02c990b0a82652dca','11@11.com','2022-01-31 15:44:17',NULL),(50,'111','698d51a19d8a121ce581499d7b701668','111@111.com','2022-02-01 11:47:47',NULL);
/*!40000 ALTER TABLE `user` ENABLE KEYS */;
UNLOCK TABLES;
/*!40103 SET TIME_ZONE=@OLD_TIME_ZONE */;

/*!40101 SET SQL_MODE=@OLD_SQL_MODE */;
/*!40014 SET FOREIGN_KEY_CHECKS=@OLD_FOREIGN_KEY_CHECKS */;
/*!40014 SET UNIQUE_CHECKS=@OLD_UNIQUE_CHECKS */;
/*!40101 SET CHARACTER_SET_CLIENT=@OLD_CHARACTER_SET_CLIENT */;
/*!40101 SET CHARACTER_SET_RESULTS=@OLD_CHARACTER_SET_RESULTS */;
/*!40101 SET COLLATION_CONNECTION=@OLD_COLLATION_CONNECTION */;
/*!40111 SET SQL_NOTES=@OLD_SQL_NOTES */;

-- Dump completed on 2022-02-02 18:47:22
